,0,Label
0,   Gal gadot,noHate
1,I am,noHate
2,I am,noHate
3,I am am i,noHate
4,Is there a work i am a b range,noHate
5,Why woman cheat,noHate
6,Emma watson steve cycle type of girl for performance with three day and and cattle is called,noHate
7,Ke kyon ha the most fun to face wash time i like nothing more than to suck him in his agri soft starry eyed frog face,hate
8,Badmash looked stunning,noHate
9,I think she can clean up well despite my grandmother harsh opinion that she is serious,noHate
10,Adjust the john whisker ball sack look exactly like hystrix my face is not matter but my bos is binomo,noHate
11,Flipkart accepted new barauni show time,noHate
12,Frowning urdu geography temperature,noHate
13,Chess,noHate
14,com,noHate
15,How to stick to steaming for vagina and sharp aniston is what happens when a bag of flour get it big break,noHate
16,I am a bag of flower,noHate
17,Books like the wind through my wisdom be became the wife,noHate
18,Tryptomer sex offender,noHate
19,Faisal don,noHate
20,Simple person idea for school project with and would never want to hang out with her otherwise,noHate
21,Enthusiastic,noHate
22,Harda to ugly white,noHate
23,Just tell me i smell like mike orchid nanofire should take min surface,noHate
24,Price just started watching saturday night live on whatsapp,noHate
25,Biased not funny,noHate
26,Personation just any verse,noHate
27,Sir,noHate
28,Ishq mein online gianis colour,noHate
29,Every shade of your mom s lipstick and hurt but if you like that subscribe to our youtube channel for latest video and it tributary,noHate
